brand,category,price,product_id
La Mer,Moisturizer,175,0
Sk-Ii,Moisturizer,179,1
Drunk Elephant,Moisturizer,68,2
La Mer,Moisturizer,175,3
It Cosmetics,Moisturizer,38,4
Tatcha,Moisturizer,68,5
Drunk Elephant,Moisturizer,60,6
Drunk Elephant,Moisturizer,72,7
Kiehl'S Since 1851,Moisturizer,29,8
La Mer,Moisturizer,325,9
Fresh,Moisturizer,45,10
Kiehl'S Since 1851,Moisturizer,47,11
Belif,Moisturizer,38,12
Sunday Riley,Moisturizer,105,13
Farmacy,Moisturizer,58,14
Drunk Elephant,Moisturizer,90,15
First Aid Beauty,Moisturizer,30,16
Clinique,Moisturizer,39,17
Fresh,Moisturizer,40,18
Sk-Ii,Moisturizer,230,19
La Mer,Moisturizer,85,20
Bareminerals,Moisturizer,30,21
Shiseido,Moisturizer,78,22
Fresh,Moisturizer,92,23
Belif,Moisturizer,38,24
Charlotte Tilbury,Moisturizer,100,25
Drunk Elephant,Moisturizer,40,26
Origins,Moisturizer,34,27
Clinique,Moisturizer,28,28
Sk-Ii,Moisturizer,240,29
Fresh,Moisturizer,68,30
Tatcha,Moisturizer,48,31
Olehenriksen,Moisturizer,38,32
Josie Maran,Moisturizer,48,33
It Cosmetics,Moisturizer,38,34
Farsáli,Moisturizer,54,35
Laneige,Moisturizer,25,36
Laneige,Moisturizer,35,37
Sk-Ii,Moisturizer,99,38
Dr. Jart+,Moisturizer,39,39
Tatcha,Moisturizer,48,40
Shiseido,Moisturizer,63,41
Clinique,Moisturizer,28,42
Olehenriksen,Moisturizer,55,43
Sunday Riley,Moisturizer,80,44
Glow Recipe,Moisturizer,45,45
Herbivore,Moisturizer,48,46
Tarte,Moisturizer,32,47
Sunday Riley,Moisturizer,65,48
Caudalie,Moisturizer,18,49
Caudalie,Moisturizer,10,50
Youth To The People,Moisturizer,58,51
La Mer,Moisturizer,245,52
Biossance,Moisturizer,72,53
Tarte,Moisturizer,37,54
Shiseido,Moisturizer,57,55
Origins,Moisturizer,29,56
Estée Lauder,Moisturizer,100,57
Son & Park,Moisturizer,30,58
Tatcha,Moisturizer,120,59
Olehenriksen,Moisturizer,44,60
Amorepacific,Moisturizer,60,61
Bobbi Brown,Moisturizer,60,62
Dr. Jart+,Moisturizer,52,63
Caudalie,Moisturizer,39,64
Herbivore,Moisturizer,72,65
Erborian,Moisturizer,44,66
Smashbox,Moisturizer,42,67
Sunday Riley,Moisturizer,65,68
Farsáli,Moisturizer,54,69
It Cosmetics,Moisturizer,38,70
Tatcha,Moisturizer,110,71
Glamglow,Moisturizer,49,72
Estée Lauder,Moisturizer,82,73
Dr. Jart+,Moisturizer,48,74
Sunday Riley,Moisturizer,72,75
Fresh,Moisturizer,52,76
Laneige,Moisturizer,38,77
Amorepacific,Moisturizer,195,78
Glamglow,Moisturizer,59,79
Farmacy,Moisturizer,45,80
Peter Thomas Roth,Moisturizer,52,81
Amorepacific,Moisturizer,145,82
It Cosmetics,Moisturizer,48,83
Fresh,Moisturizer,95,84
Fresh,Moisturizer,290,85
First Aid Beauty,Moisturizer,28,86
It Cosmetics,Moisturizer,68,87
Shiseido,Moisturizer,60,88
Fresh,Moisturizer,40,89
Origins,Moisturizer,45,90
Tarte,Moisturizer,36,91
Clinique,Moisturizer,39,92
Josie Maran,Moisturizer,32,93
Laneige,Moisturizer,36,94
Jack Black,Moisturizer,28,95
Glow Recipe,Moisturizer,39,96
La Mer,Moisturizer,190,97
La Mer,Moisturizer,175,98
Philosophy,Moisturizer,39,99
Perricone Md,Moisturizer,135,100
Lancôme,Moisturizer,122,101
Algenist,Moisturizer,112,102
It Cosmetics,Moisturizer,35,103
Dr. Jart+,Moisturizer,48,104
Clinique,Moisturizer,28,105
Josie Maran,Moisturizer,40,106
Olehenriksen,Moisturizer,40,107
Shiseido,Moisturizer,45,108
Farmacy,Moisturizer,48,109
Origins,Moisturizer,35,110
Herbivore,Moisturizer,88,111
Olehenriksen,Moisturizer,48,112
Belif,Moisturizer,34,113
Charlotte Tilbury,Moisturizer,29,114
Youth To The People,Moisturizer,48,115
Sk-Ii,Moisturizer,229,116
Tatcha,Moisturizer,85,117
Kiehl'S Since 1851,Moisturizer,84,118
Biossance,Moisturizer,58,119
Shiseido,Moisturizer,127,120
Origins,Moisturizer,45,121
Shiseido,Moisturizer,60,122
Make Up For Ever,Moisturizer,30,123
It Cosmetics,Moisturizer,32,124
Kiehl'S Since 1851,Moisturizer,47,125
Bobbi Brown,Moisturizer,47,126
Fresh,Moisturizer,42,127
Korres,Moisturizer,48,128
Fresh,Moisturizer,44,129
Belif,Moisturizer,58,130
Youth To The People,Moisturizer,44,131
Murad,Moisturizer,75,132
It Cosmetics,Moisturizer,38,133
Tarte,Moisturizer,39,134
Smashbox,Moisturizer,32,135
First Aid Beauty,Moisturizer,38,136
Murad,Moisturizer,82,137
Estée Lauder,Moisturizer,65,138
Tatcha,Moisturizer,95,139
Guerlain,Moisturizer,29,140
Biossance,Moisturizer,52,141
Dior,Moisturizer,82,142
Smashbox,Moisturizer,42,143
Origins,Moisturizer,45,144
Kora Organics,Moisturizer,68,145
Laneige,Moisturizer,35,146
Sk-Ii,Moisturizer,225,147
Dr. Dennis Gross Skincare,Moisturizer,75,148
Ren Clean Skincare,Moisturizer,48,149
Murad,Moisturizer,40,150
Olehenriksen,Moisturizer,34,151
Dior,Moisturizer,115,152
Kiehl'S Since 1851,Moisturizer,29,153
First Aid Beauty,Moisturizer,36,154
Origins,Moisturizer,56,155
Biossance,Moisturizer,58,156
First Aid Beauty,Moisturizer,24,157
Murad,Moisturizer,40,158
Guerlain,Moisturizer,50,159
Fresh,Moisturizer,90,160
Origins,Moisturizer,60,161
La Mer,Moisturizer,270,162
Clinique,Moisturizer,39,163
Shiseido,Moisturizer,63,164
Caudalie,Moisturizer,76,165
Lancôme,Moisturizer,175,166
Murad,Moisturizer,63,167
Clinique,Moisturizer,39,168
Kopari,Moisturizer,28,169
Shiseido,Moisturizer,280,170
Clarins,Moisturizer,57,171
Farsáli,Moisturizer,39,172
Tarte,Moisturizer,48,173
Shiseido,Moisturizer,45,174
Shiseido,Moisturizer,45,175
La Mer,Moisturizer,130,176
Nurse Jamie,Moisturizer,69,177
Lancer,Moisturizer,125,178
Lancôme,Moisturizer,52,179
Tatcha,Moisturizer,95,180
Dr. Dennis Gross Skincare,Moisturizer,88,181
Smashbox,Moisturizer,42,182
L'Occitane,Moisturizer,110,183
Estée Lauder,Moisturizer,80,184
Kate Somerville,Moisturizer,65,185
Supergoop!,Moisturizer,34,186
Algenist,Moisturizer,94,187
Origins,Moisturizer,39,188
Caudalie,Moisturizer,140,189
Caudalie,Moisturizer,76,190
Shiseido,Moisturizer,92,191
Dr. Dennis Gross Skincare,Moisturizer,72,192
Korres,Moisturizer,54,193
Clinique,Moisturizer,39,194
Saturday Skin,Moisturizer,39,195
Shiseido,Moisturizer,105,196
Sephora Collection,Moisturizer,4,197
Belif,Moisturizer,42,198
Josie Maran,Moisturizer,48,199
Milk Makeup,Moisturizer,24,200
Estée Lauder,Moisturizer,108,201
Estée Lauder,Moisturizer,92,202
Olehenriksen,Moisturizer,55,203
Dior,Moisturizer,165,204
Clinique,Moisturizer,39,205
Philosophy,Moisturizer,60,206
Kiehl'S Since 1851,Moisturizer,35,207
Sk-Ii,Moisturizer,160,208
Lancôme,Moisturizer,49,209
Caudalie,Moisturizer,50,210
Clarins,Moisturizer,90,211
Amorepacific,Moisturizer,150,212
Fresh,Moisturizer,145,213
Erborian,Moisturizer,39,214
Dr. Jart+,Moisturizer,36,215
Algenist,Moisturizer,28,216
Philosophy,Moisturizer,49,217
Josie Maran,Moisturizer,32,218
Murad,Moisturizer,48,219
Clinique,Moisturizer,35,220
Kiehl'S Since 1851,Moisturizer,29,221
Farmacy,Moisturizer,34,222
Philosophy,Moisturizer,75,223
Amorepacific,Moisturizer,50,224
Clinique,Moisturizer,28,225
Shiseido,Moisturizer,115,226
Caudalie,Moisturizer,39,227
Dior,Moisturizer,140,228
Kate Somerville,Moisturizer,95,229
Dr. Dennis Gross Skincare,Moisturizer,60,230
Estée Lauder,Moisturizer,115,231
Clinique,Moisturizer,58,232
Murad,Moisturizer,60,233
Guerlain,Moisturizer,54,234
Bareminerals,Moisturizer,27,235
Amorepacific,Moisturizer,100,236
Herbivore,Moisturizer,64,237
Sephora Collection,Moisturizer,23,238
Clarins,Moisturizer,48,239
Estée Lauder,Moisturizer,82,240
Tarte,Moisturizer,25,241
First Aid Beauty,Moisturizer,34,242
Dr. Brandt Skincare,Moisturizer,67,243
Laneige,Moisturizer,38,244
Shiseido,Moisturizer,40,245
Tarte,Moisturizer,25,246
Glamglow,Moisturizer,49,247
Lancôme,Moisturizer,99,248
Biossance,Moisturizer,30,249
It Cosmetics,Moisturizer,38,250
Origins,Moisturizer,60,251
Lancôme,Moisturizer,55,252
Kate Somerville,Moisturizer,65,253
J.One,Moisturizer,42,254
Kate Somerville,Moisturizer,85,255
Perricone Md,Moisturizer,69,256
Kat Von D,Moisturizer,26,257
Dior,Moisturizer,175,258
Perricone Md,Moisturizer,69,259
Josie Maran,Moisturizer,28,260
Tata Harper,Moisturizer,110,261
Shiseido,Moisturizer,45,262
Dr. Jart+,Moisturizer,36,263
Herbivore,Moisturizer,58,264
Lancôme,Moisturizer,88,265
Shiseido,Moisturizer,94,266
Caudalie,Moisturizer,140,267
Jack Black,Moisturizer,30,268
Lancôme,Moisturizer,48,269
Clinique,Moisturizer,50,270
Estée Lauder,Moisturizer,54,271
First Aid Beauty,Moisturizer,40,272
Peter Thomas Roth,Moisturizer,85,273
Bobbi Brown,Moisturizer,60,274
Clinique,Moisturizer,48,275
Herbivore,Moisturizer,32,276
Tata Harper,Moisturizer,48,277
Sephora Collection,Moisturizer,23,278
Clinique,Moisturizer,39,279
Philosophy,Moisturizer,39,280
Sk-Ii,Moisturizer,150,281
Kiehl'S Since 1851,Moisturizer,29,282
Dior,Moisturizer,95,283
Clinique,Moisturizer,52,284
Tarte,Moisturizer,44,285
Glamglow,Moisturizer,59,286
Algenist,Moisturizer,95,287
Lancôme,Moisturizer,185,288
Kiehl'S Since 1851,Moisturizer,29,289
Algenist,Moisturizer,98,290
Shiseido,Moisturizer,62,291
Saturday Skin,Moisturizer,49,292
La Mer,Moisturizer,270,293
Herbivore,Moisturizer,39,294
Clarins,Moisturizer,136,295
Kate Somerville,Moisturizer,65,296
Go-To,Moisturizer,34,297
Drunk Elephant,Cleanser,80,298
Drunk Elephant,Cleanser,90,299
Fresh,Cleanser,38,300
Farmacy,Cleanser,34,301
Philosophy,Cleanser,24,302
Lancôme,Cleanser,26,303
Fresh,Cleanser,44,304
Tatcha,Cleanser,65,305
Clinique,Cleanser,29,306
Kiehl'S Since 1851,Cleanser,35,307
Lancôme,Cleanser,30,308
Sephora Collection,Cleanser,7,309
Tatcha,Cleanser,38,310
First Aid Beauty,Cleanser,20,311
Origins,Cleanser,23,312
Shiseido,Cleanser,10,313
Kate Somerville,Cleanser,24,314
La Mer,Cleanser,95,315
Boscia,Cleanser,32,316
Drunk Elephant,Cleanser,34,317
Boscia,Cleanser,28,318
Olehenriksen,Cleanser,26,319
Amorepacific,Cleanser,60,320
Clinique,Cleanser,19,321
Sk-Ii,Cleanser,76,322
Fresh,Cleanser,62,323
Eve Lom,Cleanser,80,324
Kate Somerville,Cleanser,38,325
Youth To The People,Cleanser,36,326
Olehenriksen,Cleanser,30,327
Boscia,Cleanser,30,328
Olehenriksen,Cleanser,28,329
Sephora Collection,Cleanser,11,330
Kiehl'S Since 1851,Cleanser,29,331
Sk-Ii,Cleanser,75,332
Dr. Brandt Skincare,Cleanser,79,333
Clinique,Cleanser,18,334
Tata Harper,Cleanser,42,335
Biossance,Cleanser,68,336
Caudalie,Cleanser,28,337
Korres,Cleanser,26,338
Tarte,Cleanser,39,339
Caudalie,Cleanser,28,340
Kiehl'S Since 1851,Cleanser,20,341
Clinique,Cleanser,16,342
Kiehl'S Since 1851,Cleanser,16,343
Shiseido,Cleanser,36,344
Drunk Elephant,Cleanser,18,345
Sephora Collection,Cleanser,7,346
Shiseido,Cleanser,38,347
Glamglow,Cleanser,59,348
Sunday Riley,Cleanser,35,349
Peter Thomas Roth,Cleanser,38,350
Caudalie,Cleanser,28,351
Murad,Cleanser,30,352
Makeup Eraser,Cleanser,20,353
Boscia,Cleanser,28,354
La Mer,Cleanser,95,355
Make Up For Ever,Cleanser,25,356
Kate Somerville,Cleanser,38,357
Boscia,Cleanser,34,358
It Cosmetics,Cleanser,38,359
Philosophy,Cleanser,8,360
Amorepacific,Cleanser,50,361
Farmacy,Cleanser,28,362
Clinique,Cleanser,21,363
Drunk Elephant,Cleanser,28,364
Estée Lauder,Cleanser,58,365
Ren Clean Skincare,Cleanser,35,366
Lancer,Cleanser,75,367
Murad,Cleanser,39,368
Laneige,Cleanser,23,369
Clarins,Cleanser,26,370
Shiseido,Cleanser,30,371
Dr. Jart+,Cleanser,39,372
Clinique,Cleanser,22,373
Caudalie,Cleanser,14,374
Drunk Elephant,Cleanser,28,375
Origins,Cleanser,20,376
Olehenriksen,Cleanser,28,377
Clinique,Cleanser,29,378
Glow Recipe,Cleanser,34,379
Clarins,Cleanser,26,380
Laura Mercier,Cleanser,32,381
Neogen Dermalogy,Cleanser,19,382
Glamglow,Cleanser,59,383
Murad,Cleanser,38,384
Indie Lee,Cleanser,32,385
Jack Black,Cleanser,19,386
Clinique,Cleanser,17,387
Kiehl'S Since 1851,Cleanser,23,388
Fresh,Cleanser,25,389
Clinique,Cleanser,16,390
It Cosmetics,Cleanser,28,391
Clinique,Cleanser,21,392
Belif,Cleanser,28,393
Tata Harper,Cleanser,70,394
Kiehl'S Since 1851,Cleanser,32,395
Kiehl'S Since 1851,Cleanser,41,396
Dr. Dennis Gross Skincare,Cleanser,38,397
Laneige,Cleanser,28,398
Lancôme,Cleanser,26,399
Olehenriksen,Cleanser,15,400
Clarins,Cleanser,38,401
Koh Gen Do,Cleanser,46,402
Jack Black,Cleanser,18,403
Indie Lee,Cleanser,32,404
La Mer,Cleanser,25,405
Sephora Collection,Cleanser,7,406
Caudalie,Cleanser,35,407
Ren Clean Skincare,Cleanser,30,408
Glamglow,Cleanser,32,409
Murad,Cleanser,39,410
Olehenriksen,Cleanser,24,411
Sephora Collection,Cleanser,7,412
La Mer,Cleanser,95,413
Koh Gen Do,Cleanser,48,414
Olehenriksen,Cleanser,25,415
Clinique,Cleanser,19,416
First Aid Beauty,Cleanser,55,417
Korres,Cleanser,28,418
Sephora Collection,Cleanser,7,419
Shiseido,Cleanser,52,420
Lancôme,Cleanser,32,421
Tata Harper,Cleanser,76,422
Sephora Collection,Cleanser,16,423
Jack Black,Cleanser,22,424
Bobbi Brown,Cleanser,48,425
Sephora Collection,Cleanser,7,426
Shiseido,Cleanser,33,427
Tarte,Cleanser,25,428
Clinique,Cleanser,22,429
Clinique,Cleanser,14,430
Lancôme,Cleanser,45,431
Dr. Jart+,Cleanser,32,432
First Aid Beauty,Cleanser,24,433
Boscia,Cleanser,7,434
Caudalie,Cleanser,28,435
Caudalie,Cleanser,28,436
Clinique,Cleanser,19,437
Dr. Jart+,Cleanser,22,438
Fresh,Cleanser,38,439
Laneige,Cleanser,23,440
Fresh,Cleanser,42,441
Shiseido,Cleanser,22,442
Dr. Brandt Skincare,Cleanser,58,443
Laneige,Cleanser,28,444
Sephora Collection,Cleanser,60,445
L'Occitane,Cleanser,24,446
Tatcha,Cleanser,12,447
Charlotte Tilbury,Cleanser,60,448
Origins,Cleanser,23,449
Lancôme,Cleanser,26,450
Herbivore,Cleanser,12,451
Murad,Cleanser,24,452
Origins,Cleanser,25,453
Kopari,Cleanser,24,454
Sephora Collection,Cleanser,7,455
Lancer,Cleanser,75,456
Sephora Collection,Cleanser,7,457
Origins,Cleanser,23,458
Sunday Riley,Cleanser,55,459
Philosophy,Cleanser,15,460
Saturday Skin,Cleanser,28,461
Volition Beauty,Cleanser,38,462
Philosophy,Cleanser,75,463
Kate Somerville,Cleanser,36,464
Too Faced,Cleanser,17,465
Origins,Cleanser,33,466
Sephora Collection,Cleanser,7,467
Shiseido,Cleanser,24,468
Origins,Cleanser,23,469
Boscia,Cleanser,10,470
Sunday Riley,Cleanser,50,471
Shiseido,Cleanser,60,472
Belif,Cleanser,26,473
Farmacy,Cleanser,30,474
Kiehl'S Since 1851,Cleanser,16,475
Shiseido,Cleanser,18,476
Saturday Skin,Cleanser,26,477
Belif,Cleanser,28,478
Peter Thomas Roth,Cleanser,40,479
Milk Makeup,Cleanser,26,480
Clinique,Cleanser,24,481
Peter Thomas Roth,Cleanser,38,482
Fresh,Cleanser,29,483
Bareminerals,Cleanser,30,484
Belif,Cleanser,28,485
Murad,Cleanser,30,486
Perricone Md,Cleanser,38,487
Murad,Cleanser,39,488
Glamglow,Cleanser,32,489
Clarins,Cleanser,30,490
Peter Thomas Roth,Cleanser,38,491
Sephora Collection,Cleanser,7,492
Fresh,Cleanser,15,493
Olehenriksen,Cleanser,8,494
Philosophy,Cleanser,34,495
Dior,Cleanser,42,496
Korres,Cleanser,28,497
Sephora Collection,Cleanser,4,498
Belif,Cleanser,34,499
Sephora Collection,Cleanser,8,500
Perricone Md,Cleanser,45,501
La Mer,Cleanser,95,502
Murad,Cleanser,30,503
Glamglow,Cleanser,9,504
Clinique,Cleanser,16,505
Peter Thomas Roth,Cleanser,38,506
Shiseido,Cleanser,30,507
Shiseido,Cleanser,73,508
Shiseido,Cleanser,24,509
Sk-Ii,Cleanser,70,510
Skin Inc Supplement Bar,Cleanser,55,511
Origins,Cleanser,33,512
Boscia,Cleanser,26,513
Algenist,Cleanser,38,514
Olehenriksen,Cleanser,42,515
Boscia,Cleanser,26,516
Lancôme,Cleanser,26,517
Kiehl'S Since 1851,Cleanser,29,518
Sephora Collection,Cleanser,8,519
Murad,Cleanser,34,520
Clinique,Cleanser,9,521
Dr. Dennis Gross Skincare,Cleanser,42,522
Eve Lom,Cleanser,22,523
Erborian,Cleanser,39,524
Erborian,Cleanser,39,525
Nuface,Cleanser,20,526
Tarte,Cleanser,22,527
Clinique,Cleanser,21,528
Kate Somerville,Cleanser,26,529
Klorane,Cleanser,16,530
Kate Somerville,Cleanser,55,531
Bobbi Brown,Cleanser,30,532
First Aid Beauty,Cleanser,24,533
Philosophy,Cleanser,23,534
Lancer,Cleanser,55,535
Peter Thomas Roth,Cleanser,38,536
Erborian,Cleanser,28,537
Clinique,Cleanser,27,538
Beautybio,Cleanser,35,539
Go-To,Cleanser,35,540
Perricone Md,Cleanser,45,541
Glamglow,Cleanser,59,542
First Aid Beauty,Cleanser,25,543
Origins,Cleanser,29,544
La Mer,Cleanser,95,545
Kate Somerville,Cleanser,36,546
Algenist,Cleanser,38,547
Nars,Cleanser,25,548
Sephora Collection,Cleanser,12,549
Olehenriksen,Cleanser,15,550
Murad,Cleanser,78,551
Kiehl'S Since 1851,Cleanser,20,552
Laneige,Cleanser,27,553
Olehenriksen,Cleanser,32,554
Kiehl'S Since 1851,Cleanser,24,555
Shiseido,Cleanser,36,556
Dr. Jart+,Cleanser,35,557
Blithe,Cleanser,42,558
Estée Lauder,Cleanser,26,559
Clinique,Cleanser,16,560
Clinique,Cleanser,19,561
Sunday Riley,Cleanser,38,562
Clinique,Cleanser,28,563
Fresh,Cleanser,33,564
Clinique,Cleanser,29,565
Ren Clean Skincare,Cleanser,32,566
Murad,Cleanser,39,567
Kiehl'S Since 1851,Cleanser,22,568
Sephora Collection,Cleanser,7,569
Erno Laszlo,Cleanser,55,570
Kiehl'S Since 1851,Cleanser,28,571
Sephora Collection,Cleanser,7,572
Clarisonic,Cleanser,19,573
Fenty Beauty By Rihanna,Cleanser,16,574
Clinique,Cleanser,15,575
Algenist,Cleanser,25,576
Ren Clean Skincare,Cleanser,32,577
Dermadoctor,Cleanser,36,578
Drunk Elephant,Treatment,80,579
Sunday Riley,Treatment,158,580
Estée Lauder,Treatment,98,581
Olehenriksen,Treatment,48,582
Lancôme,Treatment,178,583
Dr. Dennis Gross Skincare,Treatment,88,584
Lancôme,Treatment,105,585
Kiehl'S Since 1851,Treatment,50,586
La Mer,Treatment,370,587
Shiseido,Treatment,100,588
Glamglow,Treatment,59,589
Drunk Elephant,Treatment,52,590
Dr. Dennis Gross Skincare,Treatment,88,591
Olehenriksen,Treatment,128,592
Drunk Elephant,Treatment,28,593
Caudalie,Treatment,49,594
Farsáli,Treatment,54,595
Sunday Riley,Treatment,85,596
Drunk Elephant,Treatment,23,597
Caudalie,Treatment,79,598
Kiehl'S Since 1851,Treatment,62,599
Clarins,Treatment,89,600
La Mer,Treatment,345,601
Herbivore,Treatment,48,602
Algenist,Treatment,115,603
Peace Out,Treatment,19,604
Peter Thomas Roth,Treatment,95,605
First Aid Beauty,Treatment,30,606
Dr. Dennis Gross Skincare,Treatment,88,607
Murad,Treatment,69,608
Drunk Elephant,Treatment,36,609
Caudalie,Treatment,49,610
Caudalie,Treatment,42,611
Estée Lauder,Treatment,98,612
La Mer,Treatment,205,613
Dr. Jart+,Treatment,46,614
Kate Somerville,Treatment,26,615
Peter Thomas Roth,Treatment,82,616
Dior,Treatment,95,617
Bioeffect,Treatment,160,618
La Mer,Treatment,150,619
Peter Thomas Roth,Treatment,40,620
Olehenriksen,Treatment,58,621
Origins,Treatment,34,622
Becca,Treatment,38,623
Glamglow,Treatment,59,624
Fresh,Treatment,58,625
Peter Thomas Roth,Treatment,65,626
Biossance,Treatment,78,627
Peter Thomas Roth,Treatment,48,628
Sk-Ii,Treatment,195,629
Kiehl'S Since 1851,Treatment,59,630
Clinique,Treatment,60,631
Dior,Treatment,100,632
Cover Fx,Treatment,38,633
Shiseido,Treatment,132,634
Fresh,Treatment,48,635
La Mer,Treatment,245,636
Fresh,Treatment,75,637
Moon Juice,Treatment,39,638
Origins,Treatment,18,639
Murad,Treatment,65,640
Neogen Dermalogy,Treatment,27,641
Private Doctor,Treatment,49,642
Lancôme,Treatment,116,643
Herbivore,Treatment,62,644
Murad,Treatment,88,645
Caudalie,Treatment,52,646
Peter Thomas Roth,Treatment,45,647
Perricone Md,Treatment,69,648
Dr. Dennis Gross Skincare,Treatment,88,649
It Cosmetics,Treatment,28,650
Kate Somerville,Treatment,48,651
Philosophy,Treatment,72,652
Josie Maran,Treatment,56,653
Sunday Riley,Treatment,55,654
Caudalie,Treatment,150,655
Guerlain,Treatment,150,656
Hum Nutrition,Treatment,25,657
Clinique,Treatment,27,658
Dr. Jart+,Treatment,46,659
Tatcha,Treatment,95,660
Korres,Treatment,75,661
Algenist,Treatment,98,662
Dior,Treatment,128,663
Murad,Treatment,22,664
Bioeffect,Treatment,290,665
Tata Harper,Treatment,110,666
Dr. Dennis Gross Skincare,Treatment,64,667
Clinique,Treatment,80,668
Lancer,Treatment,275,669
Perricone Md,Treatment,149,670
Dior,Treatment,95,671
Becca,Treatment,48,672
Tata Harper,Treatment,88,673
Caudalie,Treatment,82,674
Algenist,Treatment,70,675
First Aid Beauty,Treatment,58,676
Murad,Treatment,68,677
Kate Somerville,Treatment,42,678
Lancôme,Treatment,78,679
Peace Out,Treatment,19,680
Peter Thomas Roth,Treatment,65,681
Volition Beauty,Treatment,62,682
Murad,Treatment,89,683
Moon Juice,Treatment,58,684
Jack Black,Treatment,62,685
Clarins,Treatment,81,686
Dr. Brandt Skincare,Treatment,89,687
Shiseido,Treatment,62,688
Dr. Dennis Gross Skincare,Treatment,78,689
J.One,Treatment,42,690
Cover Fx,Treatment,38,691
Youth To The People,Treatment,62,692
Kate Somerville,Treatment,98,693
Estée Lauder,Treatment,86,694
Clinique,Treatment,19,695
Perricone Md,Treatment,60,696
Philosophy,Treatment,39,697
Foreo,Treatment,149,698
Perricone Md,Treatment,100,699
Olehenriksen,Treatment,50,700
Lightstim,Treatment,169,701
Korres,Treatment,75,702
Peter Thomas Roth,Treatment,35,703
Becca,Treatment,38,704
Philosophy,Treatment,49,705
Ren Clean Skincare,Treatment,48,706
Origins,Treatment,60,707
Lancer,Treatment,275,708
Ren Clean Skincare,Treatment,56,709
Algenist,Treatment,118,710
Kate Somerville,Treatment,75,711
Milk Makeup,Treatment,36,712
It Cosmetics,Treatment,58,713
Murad,Treatment,68,714
Amorepacific,Treatment,100,715
Peter Thomas Roth,Treatment,88,716
Coola,Treatment,54,717
Clarins,Treatment,59,718
Origins,Treatment,41,719
Murad,Treatment,44,720
Peter Thomas Roth,Treatment,30,721
Murad,Treatment,29,722
Ren Clean Skincare,Treatment,55,723
Dior,Treatment,95,724
Caudalie,Treatment,39,725
Dior,Treatment,95,726
It Cosmetics,Treatment,38,727
Murad,Treatment,44,728
First Aid Beauty,Treatment,40,729
Peter Thomas Roth,Treatment,47,730
Estée Lauder,Treatment,98,731
Perricone Md,Treatment,90,732
Dr. Jart+,Treatment,42,733
Amorepacific,Treatment,160,734
Dr. Dennis Gross Skincare,Treatment,88,735
Olehenriksen,Treatment,45,736
Dr. Dennis Gross Skincare,Treatment,68,737
Shiseido,Treatment,92,738
Kate Somerville,Treatment,55,739
Algenist,Treatment,42,740
Kate Somerville,Treatment,90,741
Peter Thomas Roth,Treatment,150,742
Peter Thomas Roth,Treatment,58,743
Murad,Treatment,65,744
Origins,Treatment,56,745
Clinique,Treatment,50,746
Clinique,Treatment,28,747
Perricone Md,Treatment,179,748
Dior,Treatment,73,749
Tarte,Treatment,42,750
Murad,Treatment,52,751
Peter Thomas Roth,Treatment,54,752
Shiseido,Treatment,98,753
Murad,Treatment,40,754
Dr. Dennis Gross Skincare,Treatment,59,755
Kiehl'S Since 1851,Treatment,60,756
Kiehl'S Since 1851,Treatment,18,757
Origins,Treatment,59,758
Murad,Treatment,50,759
Caudalie,Treatment,39,760
Korres,Treatment,98,761
Peter Thomas Roth,Treatment,48,762
Belif,Treatment,60,763
Murad,Treatment,42,764
Bareminerals,Treatment,58,765
Dior,Treatment,125,766
Kate Somerville,Treatment,58,767
Origins,Treatment,61,768
Kate Somerville,Treatment,90,769
First Aid Beauty,Treatment,30,770
Lancer,Treatment,90,771
Bioeffect,Treatment,145,772
Murad,Treatment,84,773
Dr. Brandt Skincare,Treatment,69,774
Skin Inc Supplement Bar,Treatment,84,775
Dior,Treatment,140,776
Dr. Brandt Skincare,Treatment,95,777
Fresh,Treatment,46,778
Ren Clean Skincare,Treatment,69,779
Dr. Brandt Skincare,Treatment,75,780
Dermadoctor,Treatment,95,781
Clarins,Treatment,58,782
Algenist,Treatment,45,783
Dermadoctor,Treatment,85,784
Estée Lauder,Treatment,75,785
Kate Somerville,Treatment,95,786
Kate Somerville,Treatment,98,787
Perricone Md,Treatment,99,788
Hum Nutrition,Treatment,30,789
Shiseido,Treatment,300,790
Murad,Treatment,90,791
Algenist,Treatment,82,792
Peter Thomas Roth,Treatment,48,793
Jack Black,Treatment,38,794
Dr. Brandt Skincare,Treatment,55,795
Philosophy,Treatment,76,796
Erno Laszlo,Treatment,100,797
Kiehl'S Since 1851,Treatment,35,798
Ren Clean Skincare,Treatment,42,799
Beautybio,Treatment,95,800
Murad,Treatment,78,801
Perricone Md,Treatment,99,802
Dermadoctor,Treatment,78,803
Belif,Treatment,42,804
Clinique,Treatment,24,805
Boscia,Treatment,36,806
Murad,Treatment,55,807
Algenist,Treatment,85,808
Dr. Brandt Skincare,Treatment,69,809
Algenist,Treatment,38,810
Fresh,Treatment,240,811
Kate Somerville,Treatment,54,812
Perricone Md,Treatment,69,813
Algenist,Treatment,98,814
Peter Thomas Roth,Treatment,150,815
Clarins,Treatment,74,816
Boscia,Treatment,18,817
Fresh,Treatment,265,818
Clinique,Treatment,56,819
Jack Black,Treatment,32,820
Sephora Collection,Treatment,23,821
Dr. Brandt Skincare,Treatment,152,822
Omorovicza,Treatment,125,823
Clinique,Treatment,18,824
Perricone Md,Treatment,99,825
Algenist,Treatment,96,826
Peter Thomas Roth,Face Mask,75,827
Sk-Ii,Face Mask,135,828
Dr. Jart+,Face Mask,36,829
Sephora Collection,Face Mask,25,830
Summer Fridays,Face Mask,48,831
Farmacy,Face Mask,56,832
Laneige,Face Mask,20,833
Fresh,Face Mask,62,834
Kiehl'S Since 1851,Face Mask,33,835
Fresh,Face Mask,92,836
Summer Fridays,Face Mask,44,837
Sephora Collection,Face Mask,6,838
Origins,Face Mask,28,839
La Mer,Face Mask,250,840
Sand & Sky,Face Mask,49,841
Dr. Jart+,Face Mask,7,842
Origins,Face Mask,28,843
Origins,Face Mask,28,844
Peter Thomas Roth,Face Mask,75,845
Tatcha,Face Mask,68,846
Boscia,Face Mask,34,847
Sephora Collection,Face Mask,18,848
Estée Lauder,Face Mask,80,849
Kora Organics,Face Mask,48,850
Peter Thomas Roth,Face Mask,58,851
Sk-Ii,Face Mask,105,852
Glow Recipe,Face Mask,22,853
Dr. Jart+,Face Mask,12,854
Fresh,Face Mask,62,855
Fresh,Face Mask,35,856
Origins,Face Mask,28,857
Origins,Face Mask,28,858
Farmacy,Face Mask,38,859
Ren Clean Skincare,Face Mask,56,860
Kiehl'S Since 1851,Face Mask,45,861
Origins,Face Mask,28,862
Kiehl'S Since 1851,Face Mask,39,863
Glamglow,Face Mask,169,864
Origins,Face Mask,34,865
Sephora Collection,Face Mask,5,866
Fresh,Face Mask,62,867
Shiseido,Face Mask,70,868
Sephora Collection,Face Mask,5,869
Sk-Ii,Face Mask,170,870
La Mer,Face Mask,250,871
Sephora Collection,Face Mask,6,872
Eve Lom,Face Mask,85,873
Fresh,Face Mask,35,874
Olehenriksen,Face Mask,36,875
Caudalie,Face Mask,39,876
Fresh,Face Mask,150,877
Dr. Jart+,Face Mask,7,878
Tatcha,Face Mask,12,879
Erno Laszlo,Face Mask,88,880
Dr. Jart+,Face Mask,6,881
Sephora Collection,Face Mask,6,882
Lancôme,Face Mask,15,883
Philosophy,Face Mask,35,884
Too Cool For School,Face Mask,24,885
Farmacy,Face Mask,6,886
Sephora Collection,Face Mask,8,887
Estée Lauder,Face Mask,72,888
Sephora Collection,Face Mask,6,889
Sephora Collection,Face Mask,20,890
Shiseido,Face Mask,65,891
First Aid Beauty,Face Mask,24,892
Ren Clean Skincare,Face Mask,38,893
Glow Recipe,Face Mask,8,894
Sephora Collection,Face Mask,18,895
Tatcha,Face Mask,95,896
Glamglow,Face Mask,59,897
Dr. Jart+,Face Mask,12,898
Sephora Collection,Face Mask,6,899
Laneige,Face Mask,39,900
Sephora Collection,Face Mask,6,901
Kiehl'S Since 1851,Face Mask,54,902
Dr. Brandt Skincare,Face Mask,52,903
Saturday Skin,Face Mask,6,904
Sephora Collection,Face Mask,6,905
Glamglow,Face Mask,59,906
Boscia,Face Mask,34,907
Korres,Face Mask,46,908
Peter Thomas Roth,Face Mask,58,909
Sephora Collection,Face Mask,6,910
Tata Harper,Face Mask,68,911
Dr. Jart+,Face Mask,12,912
Dr. Jart+,Face Mask,12,913
First Aid Beauty,Face Mask,38,914
Dr. Jart+,Face Mask,48,915
Amorepacific,Face Mask,60,916
Sephora Collection,Face Mask,6,917
Farmacy,Face Mask,6,918
Sephora Collection,Face Mask,6,919
Clinique,Face Mask,17,920
Boscia,Face Mask,38,921
Fresh,Face Mask,82,922
Sephora Collection,Face Mask,6,923
Erno Laszlo,Face Mask,95,924
Herbivore,Face Mask,48,925
Tata Harper,Face Mask,68,926
Youth To The People,Face Mask,44,927
Dr. Jart+,Face Mask,48,928
Indie Lee,Face Mask,60,929
Dior,Face Mask,69,930
Sephora Collection,Face Mask,4,931
Laneige,Face Mask,25,932
Glamglow,Face Mask,42,933
Sephora Collection,Face Mask,6,934
Sephora Collection,Face Mask,4,935
Fresh,Face Mask,40,936
Dr. Jart+,Face Mask,12,937
Estée Lauder,Face Mask,72,938
Dr. Jart+,Face Mask,6,939
La Mer,Face Mask,150,940
Foreo,Face Mask,9,941
Dr. Jart+,Face Mask,6,942
Dior,Face Mask,69,943
Boscia,Face Mask,38,944
Eve Lom,Face Mask,90,945
Peter Thomas Roth,Face Mask,52,946
Korres,Face Mask,34,947
Estée Lauder,Face Mask,46,948
Caudalie,Face Mask,39,949
Dr. Jart+,Face Mask,9,950
Origins,Face Mask,63,951
Sephora Collection,Face Mask,6,952
Sephora Collection,Face Mask,6,953
Foreo,Face Mask,9,954
Charlotte Tilbury,Face Mask,55,955
Tata Harper,Face Mask,62,956
La Mer,Face Mask,75,957
Volition Beauty,Face Mask,60,958
Origins,Face Mask,40,959
Dr. Brandt Skincare,Face Mask,70,960
Sephora Collection,Face Mask,6,961
Dr. Jart+,Face Mask,7,962
Omorovicza,Face Mask,120,963
Origins,Face Mask,59,964
J.One,Face Mask,44,965
Sephora Collection,Face Mask,4,966
Sephora Collection,Face Mask,6,967
Dr. Jart+,Face Mask,7,968
Sephora Collection,Face Mask,3,969
Dr. Jart+,Face Mask,12,970
Dr. Dennis Gross Skincare,Face Mask,42,971
Perricone Md,Face Mask,69,972
Belif,Face Mask,36,973
Sephora Collection,Face Mask,4,974
Peter Thomas Roth,Face Mask,80,975
Sephora Collection,Face Mask,3,976
Clarins,Face Mask,60,977
Perricone Md,Face Mask,69,978
Dr. Jart+,Face Mask,12,979
Sephora Collection,Face Mask,6,980
Dr. Jart+,Face Mask,12,981
Dr. Jart+,Face Mask,9,982
Saturday Skin,Face Mask,6,983
Blithe,Face Mask,45,984
Dr. Brandt Skincare,Face Mask,42,985
Clarins,Face Mask,76,986
Sephora Collection,Face Mask,3,987
Glamglow,Face Mask,9,988
Sephora Collection,Face Mask,20,989
Omorovicza,Face Mask,125,990
Algenist,Face Mask,55,991
Sephora Collection,Face Mask,20,992
Olehenriksen,Face Mask,32,993
Dr. Dennis Gross Skincare,Face Mask,48,994
First Aid Beauty,Face Mask,30,995
Ren Clean Skincare,Face Mask,48,996
Laneige,Face Mask,6,997
Kiehl'S Since 1851,Face Mask,39,998
Amorepacific,Face Mask,170,999
Dr. Jart+,Face Mask,12,1000
Bobbi Brown,Face Mask,51,1001
Clinique,Face Mask,28,1002
Foreo,Face Mask,19,1003
Dr. Brandt Skincare,Face Mask,75,1004
Peter Thomas Roth,Face Mask,58,1005
First Aid Beauty,Face Mask,32,1006
Amorepacific,Face Mask,32,1007
Dior,Face Mask,75,1008
Murad,Face Mask,38,1009
Too Cool For School,Face Mask,20,1010
Clinique,Face Mask,25,1011
Sephora Collection,Face Mask,6,1012
Estée Lauder,Face Mask,47,1013
Lancôme,Face Mask,48,1014
Omorovicza,Face Mask,125,1015
Foreo,Face Mask,19,1016
Dr Roebuck’S,Face Mask,28,1017
Boscia,Face Mask,8,1018
Too Cool For School,Face Mask,8,1019
Skin Inc Supplement Bar,Face Mask,65,1020
Tarte,Face Mask,40,1021
Dr. Jart+,Face Mask,35,1022
Foreo,Face Mask,19,1023
Dior,Face Mask,69,1024
Dr. Jart+,Face Mask,9,1025
Dr. Jart+,Face Mask,9,1026
Blithe,Face Mask,45,1027
Lancôme,Face Mask,35,1028
Foreo,Face Mask,19,1029
Dr. Jart+,Face Mask,12,1030
Dior,Face Mask,69,1031
Dr. Jart+,Face Mask,9,1032
Boscia,Face Mask,8,1033
Boscia,Face Mask,18,1034
Philosophy,Face Mask,37,1035
Erborian,Face Mask,43,1036
Origins,Face Mask,36,1037
Dr. Jart+,Face Mask,7,1038
Murad,Face Mask,38,1039
Sephora Collection,Face Mask,5,1040
Josie Maran,Face Mask,48,1041
Kate Somerville,Face Mask,56,1042
Algenist,Face Mask,62,1043
Boscia,Face Mask,38,1044
La Mer,Face Mask,170,1045
Skin Inc Supplement Bar,Face Mask,75,1046
Peter Thomas Roth,Face Mask,52,1047
Boscia,Face Mask,8,1048
Too Cool For School,Face Mask,6,1049
Too Cool For School,Face Mask,6,1050
Too Cool For School,Face Mask,6,1051
Belif,Face Mask,34,1052
Skin Laundry,Face Mask,58,1053
Dermadoctor,Face Mask,48,1054
Kate Somerville,Face Mask,75,1055
Sephora Collection,Face Mask,19,1056
Origins,Face Mask,27,1057
Skin Laundry,Face Mask,48,1058
Ren Clean Skincare,Face Mask,38,1059
Lancer,Face Mask,140,1060
Belif,Face Mask,36,1061
Origins,Face Mask,28,1062
Sephora Collection,Face Mask,3,1063
Sephora Collection,Face Mask,20,1064
Lancôme,Face Mask,39,1065
Laneige,Face Mask,6,1066
Origins,Face Mask,7,1067
Lancer,Face Mask,250,1068
Anthony,Face Mask,24,1069
Algenist,Face Mask,48,1070
Origins,Face Mask,7,1071
Bobbi Brown,Face Mask,51,1072
Clarins,Face Mask,34,1073
Origins,Face Mask,7,1074
Lancer,Face Mask,120,1075
Clinique,Face Mask,24,1076
Dermadoctor,Face Mask,58,1077
Bobbi Brown,Face Mask,51,1078
Sephora Collection,Face Mask,6,1079
Eve Lom,Face Mask,160,1080
Origins,Face Mask,7,1081
Too Cool For School,Face Mask,20,1082
St. Tropez Tanning Essentials,Face Mask,9,1083
Naturally Serious,Face Mask,42,1084
Eve Lom,Face Mask,90,1085
Erno Laszlo,Face Mask,88,1086
Dr Roebuck’S,Face Mask,28,1087
Perricone Md,Face Mask,50,1088
Origins,Face Mask,30,1089
Origins,Face Mask,7,1090
Skin Laundry,Face Mask,60,1091
Clinique,Face Mask,46,1092
La Mer,Eye cream,215,1093
Drunk Elephant,Eye cream,64,1094
Shiseido,Eye cream,60,1095
Kiehl'S Since 1851,Eye cream,29,1096
Olehenriksen,Eye cream,38,1097
Estée Lauder,Eye cream,62,1098
Fresh,Eye cream,68,1099
Belif,Eye cream,48,1100
La Mer,Eye cream,215,1101
Origins,Eye cream,32,1102
Tatcha,Eye cream,48,1103
Shiseido,Eye cream,65,1104
Drunk Elephant,Eye cream,60,1105
Clinique,Eye cream,32,1106
Saturday Skin,Eye cream,46,1107
It Cosmetics,Eye cream,48,1108
Sk-Ii,Eye cream,135,1109
Dr. Dennis Gross Skincare,Eye cream,69,1110
Biossance,Eye cream,54,1111
Lancôme,Eye cream,69,1112
Peter Thomas Roth,Eye cream,52,1113
Algenist,Eye cream,68,1114
Kiehl'S Since 1851,Eye cream,37,1115
Wander Beauty,Eye cream,25,1116
Laneige,Eye cream,34,1117
Clarins,Eye cream,85,1118
Fresh,Eye cream,41,1119
La Mer,Eye cream,255,1120
Sephora Collection,Eye cream,5,1121
Clinique,Eye cream,32,1122
Lancôme,Eye cream,67,1123
Estée Lauder,Eye cream,69,1124
Shiseido,Eye cream,67,1125
Laneige,Eye cream,36,1126
First Aid Beauty,Eye cream,36,1127
Wander Beauty,Eye cream,25,1128
Shiseido,Eye cream,150,1129
Caudalie,Eye cream,62,1130
Tatcha,Eye cream,85,1131
Peter Thomas Roth,Eye cream,48,1132
Caudalie,Eye cream,39,1133
Peter Thomas Roth,Eye cream,65,1134
Tata Harper,Eye cream,98,1135
Peter Thomas Roth,Eye cream,65,1136
Clinique,Eye cream,26,1137
Lancôme,Eye cream,75,1138
Kora Organics,Eye cream,38,1139
Estée Lauder,Eye cream,66,1140
Amorepacific,Eye cream,85,1141
Murad,Eye cream,80,1142
Peace Out,Eye cream,25,1143
Tarte,Eye cream,38,1144
Bobbi Brown,Eye cream,77,1145
Dr. Brandt Skincare,Eye cream,42,1146
Fresh,Eye cream,125,1147
Origins,Eye cream,41,1148
Youth To The People,Eye cream,35,1149
Bobbi Brown,Eye cream,54,1150
Sunday Riley,Eye cream,65,1151
Shiseido,Eye cream,72,1152
Murad,Eye cream,85,1153
First Aid Beauty,Eye cream,36,1154
Olehenriksen,Eye cream,42,1155
Kiehl'S Since 1851,Eye cream,43,1156
Farmacy,Eye cream,38,1157
Korres,Eye cream,65,1158
Shiseido,Eye cream,60,1159
Perricone Md,Eye cream,72,1160
Edible Beauty,Eye cream,61,1161
Sephora Collection,Eye cream,5,1162
Clinique,Eye cream,45,1163
Fresh,Eye cream,48,1164
Caudalie,Eye cream,99,1165
Lancer,Eye cream,95,1166
Fresh,Eye cream,165,1167
Dior,Eye cream,72,1168
Clarins,Eye cream,64,1169
Belif,Eye cream,58,1170
Clinique,Eye cream,32,1171
Amorepacific,Eye cream,95,1172
Philosophy,Eye cream,68,1173
Beautybio,Eye cream,25,1174
First Aid Beauty,Eye cream,32,1175
Kate Somerville,Eye cream,85,1176
Fresh,Eye cream,45,1177
Tarte,Eye cream,22,1178
Perricone Md,Eye cream,122,1179
Origins,Eye cream,48,1180
Amorepacific,Eye cream,260,1181
Lancôme,Eye cream,110,1182
Origins,Eye cream,49,1183
Perricone Md,Eye cream,110,1184
Erno Laszlo,Eye cream,48,1185
Clinique,Eye cream,45,1186
Dr. Dennis Gross Skincare,Eye cream,69,1187
First Aid Beauty,Eye cream,38,1188
Dr. Dennis Gross Skincare,Eye cream,159,1189
Erno Laszlo,Eye cream,35,1190
Guerlain,Eye cream,200,1191
Perricone Md,Eye cream,122,1192
Estée Lauder,Eye cream,64,1193
Shiseido,Eye cream,34,1194
Dr. Dennis Gross Skincare,Eye cream,48,1195
Algenist,Eye cream,74,1196
Shiseido,Eye cream,40,1197
Kiehl'S Since 1851,Eye cream,39,1198
Dr Roebuck’S,Eye cream,38,1199
Dior,Eye cream,105,1200
Shiseido,Eye cream,68,1201
Peter Thomas Roth,Eye cream,38,1202
Lancôme,Eye cream,65,1203
Foreo,Eye cream,139,1204
L'Occitane,Eye cream,79,1205
Dr. Dennis Gross Skincare,Eye cream,65,1206
Dr. Brandt Skincare,Eye cream,55,1207
Peter Thomas Roth,Eye cream,100,1208
Murad,Eye cream,69,1209
L'Occitane,Eye cream,44,1210
Philosophy,Eye cream,70,1211
Perricone Md,Eye cream,72,1212
Kiehl'S Since 1851,Eye cream,48,1213
Clinique,Eye cream,50,1214
Kate Somerville,Eye cream,38,1215
Clinique,Eye cream,42,1216
Charlotte Tilbury,Eye cream,60,1217
Boscia,Eye cream,38,1218
Perricone Md,Eye cream,170,1219
Philosophy,Eye cream,38,1220
Ren Clean Skincare,Eye cream,42,1221
Anthony,Eye cream,38,1222
Hum Nutrition,Eye cream,25,1223
Peter Thomas Roth,Eye cream,100,1224
Korres,Eye cream,56,1225
Boscia,Eye cream,26,1226
Beautybio,Eye cream,35,1227
Kiehl'S Since 1851,Eye cream,22,1228
Perricone Md,Eye cream,35,1229
Murad,Eye cream,68,1230
Indie Lee,Eye cream,48,1231
First Aid Beauty,Eye cream,26,1232
Kate Somerville,Eye cream,60,1233
Clarins,Eye cream,41,1234
Origins,Eye cream,29,1235
Volition Beauty,Eye cream,52,1236
Peter Thomas Roth,Eye cream,55,1237
Estée Lauder,Eye cream,65,1238
Philosophy,Eye cream,68,1239
Kate Somerville,Eye cream,125,1240
Dermadoctor,Eye cream,50,1241
Ren Clean Skincare,Eye cream,45,1242
Philosophy,Eye cream,24,1243
Perricone Md,Eye cream,75,1244
Bareminerals,Eye cream,32,1245
Dior,Eye cream,55,1246
Lancôme,Eye cream,39,1247
Shiseido,Eye cream,76,1248
Tatcha,Eye cream,12,1249
Origins,Eye cream,41,1250
Clarins,Eye cream,65,1251
Shiseido,Eye cream,42,1252
Dior,Eye cream,110,1253
Beautybio,Eye cream,40,1254
Philosophy,Eye cream,51,1255
Kate Somerville,Eye cream,75,1256
Clarins,Eye cream,45,1257
Supergoop!,Eye cream,32,1258
First Aid Beauty,Eye cream,24,1259
Kiehl'S Since 1851,Eye cream,44,1260
Peter Thomas Roth,Eye cream,75,1261
Dr. Jart+,Eye cream,42,1262
Tata Harper,Eye cream,105,1263
Sk-Ii,Eye cream,195,1264
Algenist,Eye cream,75,1265
Kiehl'S Since 1851,Eye cream,38,1266
Origins,Eye cream,50,1267
Perricone Md,Eye cream,55,1268
Skin Inc Supplement Bar,Eye cream,35,1269
Bareminerals,Eye cream,38,1270
Guerlain,Eye cream,230,1271
Philosophy,Eye cream,65,1272
Klorane,Eye cream,24,1273
Dr. Brandt Skincare,Eye cream,82,1274
Origins,Eye cream,46,1275
Algenist,Eye cream,72,1276
Nars,Eye cream,58,1277
Naturally Serious,Eye cream,44,1278
Dermadoctor,Eye cream,68,1279
Boscia,Eye cream,15,1280
Philosophy,Eye cream,42,1281
Skin Laundry,Eye cream,30,1282
Dermadoctor,Eye cream,65,1283
Yves Saint Laurent,Eye cream,73,1284
Kate Somerville,Eye cream,125,1285
Clarins,Eye cream,50,1286
Kenzoki,Eye cream,71,1287
Dr. Brandt Skincare,Eye cream,46,1288
Eve Lom,Eye cream,75,1289
Klorane,Eye cream,26,1290
Clinique,Eye cream,26,1291
Kenzoki,Eye cream,46,1292
Estée Lauder,Eye cream,40,1293
Bioeffect,Eye cream,90,1294
Perricone Md,Eye cream,60,1295
Philosophy,Eye cream,69,1296
Kenzoki,Eye cream,35,1297
Sephora Collection,Eye cream,5,1298
Apivita,Eye cream,30,1299
Omorovicza,Eye cream,145,1300
Ren Clean Skincare,Eye cream,30,1301
Laura Mercier,Sun protect,45,1302
Laura Mercier,Sun protect,45,1303
Shiseido,Sun protect,34,1304
Nars,Sun protect,45,1305
Supergoop!,Sun protect,32,1306
Laura Mercier,Sun protect,45,1307
Tatcha,Sun protect,65,1308
Shiseido,Sun protect,40,1309
Supergoop!,Sun protect,19,1310
Kiehl'S Since 1851,Sun protect,61,1311
Lancôme,Sun protect,40,1312
Neogen Dermalogy,Sun protect,30,1313
Murad,Sun protect,65,1314
Drunk Elephant,Sun protect,34,1315
Drunk Elephant,Sun protect,36,1316
Clarins,Sun protect,45,1317
Shiseido,Sun protect,34,1318
Clarins,Sun protect,43,1319
Supergoop!,Sun protect,38,1320
Laura Mercier,Sun protect,38,1321
Nars,Sun protect,36,1322
Josie Maran,Sun protect,36,1323
Farmacy,Sun protect,36,1324
Coola,Sun protect,46,1325
Shiseido,Sun protect,36,1326
Amorepacific,Sun protect,70,1327
Peter Thomas Roth,Sun protect,42,1328
Peter Thomas Roth,Sun protect,38,1329
Supergoop!,Sun protect,42,1330
Philosophy,Sun protect,39,1331
Philosophy,Sun protect,39,1332
Coola,Sun protect,36,1333
Perricone Md,Sun protect,69,1334
Murad,Sun protect,54,1335
Amorepacific,Sun protect,195,1336
Estée Lauder,Sun protect,75,1337
Clarins,Sun protect,54,1338
Lancôme,Sun protect,49,1339
Shiseido,Sun protect,260,1340
Origins,Sun protect,60,1341
Shiseido,Sun protect,38,1342
Coola,Sun protect,52,1343
Dior,Sun protect,60,1344
Supergoop!,Sun protect,28,1345
Lancôme,Sun protect,49,1346
Sephora Collection,Sun protect,23,1347
Clinique,Sun protect,55,1348
Clinique,Sun protect,39,1349
Volition Beauty,Sun protect,35,1350
Estée Lauder,Sun protect,54,1351
Smashbox,Sun protect,42,1352
Tarte,Sun protect,28,1353
Kiehl'S Since 1851,Sun protect,31,1354
Shiseido,Sun protect,90,1355
Clinique,Sun protect,26,1356
First Aid Beauty,Sun protect,30,1357
Kiehl'S Since 1851,Sun protect,74,1358
Coola,Sun protect,36,1359
Kiehl'S Since 1851,Sun protect,84,1360
La Mer,Sun protect,95,1361
Supergoop!,Sun protect,28,1362
Coola,Sun protect,42,1363
Shiseido,Sun protect,36,1364
Shiseido,Sun protect,22,1365
Shiseido,Sun protect,28,1366
Peter Thomas Roth,Sun protect,30,1367
Ilia,Sun protect,42,1368
Dior,Sun protect,59,1369
Clinique,Sun protect,48,1370
Supergoop!,Sun protect,25,1371
First Aid Beauty,Sun protect,34,1372
Amorepacific,Sun protect,65,1373
Fresh,Sun protect,70,1374
Clinique,Sun protect,26,1375
Erborian,Sun protect,44,1376
Biossance,Sun protect,39,1377
Lancer,Sun protect,55,1378
Supergoop!,Sun protect,34,1379
Clinique,Sun protect,55,1380
Tarte,Sun protect,36,1381
Jack Black,Sun protect,21,1382
Clinique,Sun protect,19,1383
Tarte,Sun protect,32,1384
Laura Mercier,Sun protect,53,1385
Coola,Sun protect,32,1386
Coola,Sun protect,32,1387
Fresh,Sun protect,25,1388
Murad,Sun protect,40,1389
Supergoop!,Sun protect,34,1390
Murad,Sun protect,72,1391
Coola,Sun protect,36,1392
Supergoop!,Sun protect,34,1393
Algenist,Sun protect,42,1394
Dermadoctor,Sun protect,38,1395
Clarins,Sun protect,35,1396
Clinique,Sun protect,64,1397
Clinique,Sun protect,28,1398
Shiseido,Sun protect,34,1399
Mdsolarsciences,Sun protect,30,1400
Dr. Dennis Gross Skincare,Sun protect,42,1401
Belif,Sun protect,42,1402
Laura Mercier,Sun protect,53,1403
Ilia,Sun protect,34,1404
Estée Lauder,Sun protect,44,1405
Dr. Dennis Gross Skincare,Sun protect,42,1406
Coola,Sun protect,32,1407
Clinique,Sun protect,50,1408
Supergoop!,Sun protect,20,1409
Moroccanoil,Sun protect,38,1410
Dermadoctor,Sun protect,85,1411
Clinique,Sun protect,28,1412
Coola,Sun protect,32,1413
Estée Lauder,Sun protect,54,1414
Dr. Dennis Gross Skincare,Sun protect,42,1415
Kiehl'S Since 1851,Sun protect,38,1416
Lancôme,Sun protect,99,1417
Tom Ford,Sun protect,76,1418
Skin Laundry,Sun protect,25,1419
Kate Somerville,Sun protect,38,1420
Clinique,Sun protect,26,1421
Coola,Sun protect,36,1422
Laura Mercier,Sun protect,45,1423
Kaplan Md,Sun protect,100,1424
Hum Nutrition,Sun protect,40,1425
Clinique,Sun protect,55,1426
Estée Lauder,Sun protect,42,1427
Anthony,Sun protect,34,1428
Mdsolarsciences,Sun protect,75,1429
Korres,Sun protect,26,1430
Amorepacific,Sun protect,40,1431
Coola,Sun protect,36,1432
Mdsolarsciences,Sun protect,39,1433
Coola,Sun protect,32,1434
Ilia,Sun protect,34,1435
Eve Lom,Sun protect,90,1436
Dr. Brandt Skincare,Sun protect,35,1437
Clarins,Sun protect,36,1438
Mdsolarsciences,Sun protect,18,1439
Clinique,Sun protect,50,1440
Coola,Sun protect,36,1441
Mdsolarsciences,Sun protect,39,1442
Cane + Austin,Sun protect,40,1443
Supergoop!,Sun protect,34,1444
Moroccanoil,Sun protect,32,1445
Clinique,Sun protect,26,1446
Philosophy,Sun protect,75,1447
Amorepacific,Sun protect,32,1448
Black Up,Sun protect,45,1449
Coola,Sun protect,36,1450
Moroccanoil,Sun protect,32,1451
Clinique,Sun protect,34,1452
Moroccanoil,Sun protect,32,1453
Shiseido,Sun protect,260,1454
Coola,Sun protect,26,1455
Cane + Austin,Sun protect,56,1456
Mdsolarsciences,Sun protect,20,1457
Coola,Sun protect,32,1458
Moroccanoil,Sun protect,28,1459
Supergoop!,Sun protect,19,1460
Peter Thomas Roth,Sun protect,30,1461
Coola,Sun protect,36,1462
Vita Liberata,Sun protect,45,1463
It Cosmetics,Sun protect,38,1464
Urban Decay,Sun protect,34,1465
Kate Somerville,Sun protect,48,1466
Korres,Sun protect,35,1467
Kate Somerville,Sun protect,48,1468
Vita Liberata,Sun protect,54,1469
St. Tropez Tanning Essentials,Sun protect,20,1470
Dermaflash,Sun protect,45,1471
